{
    "provinces": [
        { "name": "Metro Manila", "region": "NCR", "key": "MM" },
        { "name": "Abra", "region": "CAR", "key": "ABR" },
        { "name": "Apayao", "region": "CAR", "key": "APA" },
        { "name": "Benguet", "region": "CAR", "key": "BEN" },
        { "name": "Ifugao", "region": "CAR", "key": "IFU" },
        { "name": "Kalinga", "region": "CAR", "key": "KAL" },
        { "name": "Mountain Province", "region": "CAR", "key": "MOU" },
      
        { "name": "Ilocos Norte", "region": "I", "key": "ILN" },
        { "name": "Ilocos Sur", "region": "I", "key": "ILS" },
        { "name": "La Union", "region": "I", "key": "LUN" },
        { "name": "Pangasinan", "region": "I", "key": "PAN" },
      
        { "name": "Batanes", "region": "II", "key": "BTN" },
        { "name": "Cagayan", "region": "II", "key": "CAG" },
        { "name": "Isabela", "region": "II", "key": "ISA" },
        { "name": "Nueva Vizcaya", "region": "II", "key": "NUV" },
        { "name": "Quirino", "region": "II", "key": "QUI" },
      
        { "name": "Aurora", "region": "III", "key": "AUR" },
        { "name": "Bataan", "region": "III", "key": "BAN" },
        { "name": "Bulacan", "region": "III", "key": "BUL" },
        { "name": "Nueva Ecija", "region": "III", "key": "NUE" },
        { "name": "Pampanga", "region": "III", "key": "PAM" },
        { "name": "Tarlac", "region": "III", "key": "TAR" },
        { "name": "Zambales", "region": "III", "key": "ZMB" },
      
        { "name": "Batangas", "region": "IV-A", "key": "BTG" },
        { "name": "Cavite", "region": "IV-A", "key": "CAV" },
        { "name": "Laguna", "region": "IV-A", "key": "LAG" },
        { "name": "Quezon", "region": "IV-A", "key": "QUE" },
        { "name": "Rizal", "region": "IV-A", "key": "RIZ" },
      
        { "name": "Marinduque", "region": "IV-B", "key": "MAD" },
        { "name": "Occidental Mindoro", "region": "IV-B", "key": "MDC" },
        { "name": "Oriental Mindoro", "region": "IV-B", "key": "MDR" },
        { "name": "Palawan", "region": "IV-B", "key": "PLW" },
        { "name": "Romblon", "region": "IV-B", "key": "ROM" },
      
        { "name": "Albay", "region": "V", "key": "ALB" },
        { "name": "Camarines Norte", "region": "V", "key": "CAN" },
        { "name": "Camarines Sur", "region": "V", "key": "CAS" },
        { "name": "Catanduanes", "region": "V", "key": "CAT" },
        { "name": "Masbate", "region": "V", "key": "MAS" },
        { "name": "Sorsogon", "region": "V", "key": "SOR" },
      
        { "name": "Aklan", "region": "VI", "key": "AKL" },
        { "name": "Antique", "region": "VI", "key": "ANT" },
        { "name": "Capiz", "region": "VI", "key": "CAP" },
        { "name": "Guimaras", "region": "VI", "key": "GUI" },
        { "name": "Iloilo", "region": "VI", "key": "ILI" },
        { "name": "Negros Occidental", "region": "VI", "key": "NEC" },
      
        { "name": "Bohol", "region": "VII", "key": "BOH" },
        { "name": "Cebu", "region": "VII", "key": "CEB" },
        { "name": "Negros Oriental", "region": "VII", "key": "NER" },
        { "name": "Siquijor", "region": "VII", "key": "SIG" },
      
        { "name": "Biliran", "region": "VIII", "key": "BIL" },
        { "name": "Eastern Samar", "region": "VIII", "key": "EAS" },
        { "name": "Leyte", "region": "VIII", "key": "LEY" },
        { "name": "Northern Samar", "region": "VIII", "key": "NSA" },
        { "name": "Samar", "region": "VIII", "key": "WSA" },
        { "name": "Southern Leyte", "region": "VIII", "key": "SLE" },
      
        { "name": "Zamboanga del Norte", "region": "IX", "key": "ZAN" },
        { "name": "Zamboanga del Sur", "region": "IX", "key": "ZAS" },
        { "name": "Zamboanga Sibugay", "region": "IX", "key": "ZSI" },
      
        { "name": "Bukidnon", "region": "X", "key": "BUK" },
        { "name": "Camiguin", "region": "X", "key": "CAM" },
        { "name": "Lanao del Norte", "region": "X", "key": "LAN" },
        { "name": "Misamis Occidental", "region": "X", "key": "MSC" },
        { "name": "Misamis Oriental", "region": "X", "key": "MSR" },
      
        { "name": "Compostela Valley", "region": "XI", "key": "COM" },
        { "name": "Davao del Norte", "region": "XI", "key": "DAV" },
        { "name": "Davao del Sur", "region": "XI", "key": "DAS" },
        { "name": "Davao Occidental", "region": "XI", "key": "DAC" },
        { "name": "Davao Oriental", "region": "XI", "key": "DAO" },
      
        { "name": "Cotabato", "region": "XII", "key": "NCO" },
        { "name": "Sarangani", "region": "XII", "key": "SAR" },
        { "name": "South Cotabato", "region": "XII", "key": "SCO" },
        { "name": "Sultan Kudarat", "region": "XII", "key": "SUK" },
      
        { "name": "Agusan del Norte", "region": "XIII", "key": "AGN" },
        { "name": "Agusan del Sur", "region": "XIII", "key": "AGS" },
        { "name": "Dinagat Islands", "region": "XIII", "key": "DIN" },
        { "name": "Surigao del Norte", "region": "XIII", "key": "SUN" },
        { "name": "Surigao del Sur", "region": "XIII", "key": "SUR" },
      
        { "name": "Basilan", "region": "ARMM", "key": "BAS" },
        { "name": "Lanao del Sur", "region": "ARMM", "key": "LAS" },
        { "name": "Maguindanao", "region": "ARMM", "key": "MAG" },
        { "name": "Sulu", "region": "ARMM", "key": "SLU" },
        { "name": "Tawi-tawi", "region": "ARMM", "key": "TAW" }
    ],
    "cities": [
        { "name": "Caloocan City", "province": "MM", "city": true },
        { "name": "Las Piñas City", "province": "MM", "city": true },
        { "name": "Makati City", "province": "MM", "city": true },
        { "name": "Malabon City", "province": "MM", "city": true },
        { "name": "Mandaluyong City", "province": "MM", "city": true },
        { "name": "Manila City", "province": "MM", "city": true },
        { "name": "Marikina City", "province": "MM", "city": true },
        { "name": "Muntinlupa City", "province": "MM", "city": true },
        { "name": "Navotas City", "province": "MM", "city": true },
        { "name": "Parañaque City", "province": "MM", "city": true },
        { "name": "Pasay City", "province": "MM", "city": true },
        { "name": "Pasig City", "province": "MM", "city": true },
        { "name": "Pateros", "province": "MM" },
        { "name": "Quezon City", "province": "MM", "city": true },
        { "name": "San Juan City", "province": "MM", "city": true },
        { "name": "Taguig City", "province": "MM", "city": true },
        { "name": "Valenzuela City", "province": "MM", "city": true },
      
        { "name": "Bangued", "province": "ABR" },
        { "name": "Boliney", "province": "ABR" },
        { "name": "Bucay", "province": "ABR" },
        { "name": "Bucloc", "province": "ABR" },
        { "name": "Daguioman", "province": "ABR" },
        { "name": "Danglas", "province": "ABR" },
        { "name": "Dolores", "province": "ABR" },
        { "name": "La Paz", "province": "ABR" },
        { "name": "Lacub", "province": "ABR" },
        { "name": "Lagangilang", "province": "ABR" },
        { "name": "Lagayan", "province": "ABR" },
        { "name": "Langiden", "province": "ABR" },
        { "name": "Licuan-Baay", "province": "ABR" },
        { "name": "Luba", "province": "ABR" },
        { "name": "Malibcong", "province": "ABR" },
        { "name": "Manabo", "province": "ABR" },
        { "name": "Peñarrubia", "province": "ABR" },
        { "name": "Pidigan", "province": "ABR" },
        { "name": "Pilar", "province": "ABR" },
        { "name": "Sallapadan", "province": "ABR" },
        { "name": "San Isidro", "province": "ABR" },
        { "name": "San Juan", "province": "ABR" },
        { "name": "San Quintin", "province": "ABR" },
        { "name": "Tayum", "province": "ABR" },
        { "name": "Tineg", "province": "ABR" },
        { "name": "Tubo", "province": "ABR" },
        { "name": "Villaviciosa", "province": "ABR" },
      
        { "name": "Calanasan", "province": "APA" },
        { "name": "Conner", "province": "APA" },
        { "name": "Flora", "province": "APA" },
        { "name": "Kabugao", "province": "APA" },
        { "name": "Luna", "province": "APA" },
        { "name": "Pudtol", "province": "APA" },
        { "name": "Santa Marcela", "province": "APA" },
      
        { "name": "Atok", "province": "BEN" },
        { "name": "Baguio City", "province": "BEN", "city": true },
        { "name": "Bakun", "province": "BEN" },
        { "name": "Bokod", "province": "BEN" },
        { "name": "Buguias", "province": "BEN" },
        { "name": "Itogon", "province": "BEN" },
        { "name": "Kabayan", "province": "BEN" },
        { "name": "Kapangan", "province": "BEN" },
        { "name": "Kibungan", "province": "BEN" },
        { "name": "La Trinidad", "province": "BEN" },
        { "name": "Mankayan", "province": "BEN" },
        { "name": "Sablan", "province": "BEN" },
        { "name": "Tuba", "province": "BEN" },
        { "name": "Tublay", "province": "BEN" },
      
        { "name": "Aguinaldo", "province": "IFU" },
        { "name": "Alfonso Lista", "province": "IFU" },
        { "name": "Asipulo", "province": "IFU" },
        { "name": "Banaue", "province": "IFU" },
        { "name": "Hingyon", "province": "IFU" },
        { "name": "Hungduan", "province": "IFU" },
        { "name": "Kiangan", "province": "IFU" },
        { "name": "Lagawe", "province": "IFU" },
        { "name": "Lamut", "province": "IFU" },
        { "name": "Mayoyao", "province": "IFU" },
        { "name": "Tinoc", "province": "IFU" },
      
        { "name": "Balbalan", "province": "KAL" },
        { "name": "Lubuagan", "province": "KAL" },
        { "name": "Pasil", "province": "KAL" },
        { "name": "Pinukpuk", "province": "KAL" },
        { "name": "Rizal", "province": "KAL" },
        { "name": "Tabuk City", "province": "KAL", "city": true },
        { "name": "Tanudan", "province": "KAL" },
        { "name": "Tinglayan", "province": "KAL" },
      
        { "name": "Barlig", "province": "MOU" },
        { "name": "Bauko", "province": "MOU" },
        { "name": "Besao", "province": "MOU" },
        { "name": "Bontoc", "province": "MOU" },
        { "name": "Natonin", "province": "MOU" },
        { "name": "Paracelis", "province": "MOU" },
        { "name": "Sabangan", "province": "MOU" },
        { "name": "Sadanga", "province": "MOU" },
        { "name": "Sagada", "province": "MOU" },
        { "name": "Tadian", "province": "MOU" },
      
        { "name": "Adams", "province": "ILN" },
        { "name": "Bacarra", "province": "ILN" },
        { "name": "Badoc", "province": "ILN" },
        { "name": "Bangui", "province": "ILN" },
        { "name": "Banna", "province": "ILN" },
        { "name": "Batac City", "province": "ILN", "city": true },
        { "name": "Burgos", "province": "ILN" },
        { "name": "Carasi", "province": "ILN" },
        { "name": "Currimao", "province": "ILN" },
        { "name": "Dingras", "province": "ILN" },
        { "name": "Dumalneg", "province": "ILN" },
        { "name": "Laoag City", "province": "ILN", "city": true },
        { "name": "Marcos", "province": "ILN" },
        { "name": "Nueva Era", "province": "ILN" },
        { "name": "Pagudpud", "province": "ILN" },
        { "name": "Paoay", "province": "ILN" },
        { "name": "Pasuquin", "province": "ILN" },
        { "name": "Piddig", "province": "ILN" },
        { "name": "Pinili", "province": "ILN" },
        { "name": "San Nicolas", "province": "ILN" },
        { "name": "Sarrat", "province": "ILN" },
        { "name": "Solsona", "province": "ILN" },
        { "name": "Vintar", "province": "ILN" },
      
        { "name": "Alilem", "province": "ILS" },
        { "name": "Banayoyo", "province": "ILS" },
        { "name": "Bantay", "province": "ILS" },
        { "name": "Burgos", "province": "ILS" },
        { "name": "Cabugao", "province": "ILS" },
        { "name": "Candon City", "province": "ILS", "city": true },
        { "name": "Caoayan", "province": "ILS" },
        { "name": "Cervantes", "province": "ILS" },
        { "name": "Galimuyod", "province": "ILS" },
        { "name": "Gregorio Del Pilar", "province": "ILS" },
        { "name": "Lidlidda", "province": "ILS" },
        { "name": "Magsingal", "province": "ILS" },
        { "name": "Nagbukel", "province": "ILS" },
        { "name": "Narvacan", "province": "ILS" },
        { "name": "Quirino", "province": "ILS" },
        { "name": "Salcedo", "province": "ILS" },
        { "name": "San Emilio", "province": "ILS" },
        { "name": "San Esteban", "province": "ILS" },
        { "name": "San Ildefonso", "province": "ILS" },
        { "name": "San Juan", "province": "ILS" },
        { "name": "San Vicente", "province": "ILS" },
        { "name": "Santa", "province": "ILS" },
        { "name": "Santa Catalina", "province": "ILS" },
        { "name": "Santa Cruz", "province": "ILS" },
        { "name": "Santa Lucia", "province": "ILS" },
        { "name": "Santa Maria", "province": "ILS" },
        { "name": "Santiago", "province": "ILS" },
        { "name": "Santo Domingo", "province": "ILS" },
        { "name": "Sigay", "province": "ILS" },
        { "name": "Sinait", "province": "ILS" },
        { "name": "Sugpon", "province": "ILS" },
        { "name": "Suyo", "province": "ILS" },
        { "name": "Tagudin", "province": "ILS" },
        { "name": "Vigan City", "province": "ILS", "city": true },
      
        { "name": "Agoo", "province": "LUN" },
        { "name": "Aringay", "province": "LUN" },
        { "name": "Bacnotan", "province": "LUN" },
        { "name": "Bagulin", "province": "LUN" },
        { "name": "Balaoan", "province": "LUN" },
        { "name": "Bangar", "province": "LUN" },
        { "name": "Bauang", "province": "LUN" },
        { "name": "Burgos", "province": "LUN" },
        { "name": "Caba", "province": "LUN" },
        { "name": "Luna", "province": "LUN" },
        { "name": "Naguilian", "province": "LUN" },
        { "name": "Pugo", "province": "LUN" },
        { "name": "Rosario", "province": "LUN" },
        { "name": "San Fernando City", "province": "LUN", "city": true },
        { "name": "San Gabriel", "province": "LUN" },
        { "name": "San Juan", "province": "LUN" },
        { "name": "Santo Tomas", "province": "LUN" },
        { "name": "Santol", "province": "LUN" },
        { "name": "Sudipen", "province": "LUN" },
        { "name": "Tubao", "province": "LUN" },
      
        { "name": "Agno", "province": "PAN" },
        { "name": "Aguilar", "province": "PAN" },
        { "name": "Alaminos City", "province": "PAN", "city": true },
        { "name": "Alcala", "province": "PAN" },
        { "name": "Anda", "province": "PAN" },
        { "name": "Asingan", "province": "PAN" },
        { "name": "Balungao", "province": "PAN" },
        { "name": "Bani", "province": "PAN" },
        { "name": "Basista", "province": "PAN" },
        { "name": "Bautista", "province": "PAN" },
        { "name": "Bayambang", "province": "PAN" },
        { "name": "Binalonan", "province": "PAN" },
        { "name": "Binmaley", "province": "PAN" },
        { "name": "Bolinao", "province": "PAN" },
        { "name": "Bugallon", "province": "PAN" },
        { "name": "Burgos", "province": "PAN" },
        { "name": "Calasiao", "province": "PAN" },
        { "name": "Dagupan City", "province": "PAN", "city": true },
        { "name": "Dasol", "province": "PAN" },
        { "name": "Infanta", "province": "PAN" },
        { "name": "Labrador", "province": "PAN" },
        { "name": "Laoac", "province": "PAN" },
        { "name": "Lingayen", "province": "PAN" },
        { "name": "Mabini", "province": "PAN" },
        { "name": "Malasiqui", "province": "PAN" },
        { "name": "Manaoag", "province": "PAN" },
        { "name": "Mangaldan", "province": "PAN" },
        { "name": "Mangatarem", "province": "PAN" },
        { "name": "Mapandan", "province": "PAN" },
        { "name": "Natividad", "province": "PAN" },
        { "name": "Pozzorubio", "province": "PAN" },
        { "name": "Rosales", "province": "PAN" },
        { "name": "San Carlos City", "province": "PAN", "city": true },
        { "name": "San Fabian", "province": "PAN" },
        { "name": "San Jacinto", "province": "PAN" },
        { "name": "San Manuel", "province": "PAN" },
        { "name": "San Nicolas", "province": "PAN" },
        { "name": "San Quintin", "province": "PAN" },
        { "name": "Santa Barbara", "province": "PAN" },
        { "name": "Santa Maria", "province": "PAN" },
        { "name": "Santo Tomas", "province": "PAN" },
        { "name": "Sison", "province": "PAN" },
        { "name": "Sual", "province": "PAN" },
        { "name": "Tayug", "province": "PAN" },
        { "name": "Umingan", "province": "PAN" },
        { "name": "Urdaneta City", "province": "PAN", "city": true },
        { "name": "Urbiztondo", "province": "PAN" },
        { "name": "Villasis", "province": "PAN" },
      
        { "name": "Basco", "province": "BTN" },
        { "name": "Itbayat", "province": "BTN" },
        { "name": "Ivana", "province": "BTN" },
        { "name": "Mahatao", "province": "BTN" },
        { "name": "Sabtang", "province": "BTN" },
        { "name": "Uyugan", "province": "BTN" },
      
        { "name": "Abulug", "province": "CAG" },
        { "name": "Alcala", "province": "CAG" },
        { "name": "Allacapan", "province": "CAG" },
        { "name": "Amulung", "province": "CAG" },
        { "name": "Aparri", "province": "CAG" },
        { "name": "Baggao", "province": "CAG" },
        { "name": "Ballesteros", "province": "CAG" },
        { "name": "Buguey", "province": "CAG" },
        { "name": "Calayan", "province": "CAG" },
        { "name": "Camalaniugan", "province": "CAG" },
        { "name": "Claveria", "province": "CAG" },
        { "name": "Enrile", "province": "CAG" },
        { "name": "Gattaran", "province": "CAG" },
        { "name": "Gonzaga", "province": "CAG" },
        { "name": "Iguig", "province": "CAG" },
        { "name": "Lal-lo", "province": "CAG" },
        { "name": "Lasam", "province": "CAG" },
        { "name": "Pamplona", "province": "CAG" },
        { "name": "Peñablanca", "province": "CAG" },
        { "name": "Piat", "province": "CAG" },
        { "name": "Rizal", "province": "CAG" },
        { "name": "Sanchez-Mira", "province": "CAG" },
        { "name": "Santa Ana", "province": "CAG" },
        { "name": "Santa Praxedes", "province": "CAG" },
        { "name": "Santa Teresita", "province": "CAG" },
        { "name": "Santo Niño", "province": "CAG" },
        { "name": "Solana", "province": "CAG" },
        { "name": "Tuao", "province": "CAG" },
        { "name": "Tuguegarao City", "province": "CAG", "city": true },
      
        { "name": "Alicia", "province": "ISA" },
        { "name": "Angadanan", "province": "ISA" },
        { "name": "Aurora", "province": "ISA" },
        { "name": "Benito Soliven", "province": "ISA" },
        { "name": "Burgos", "province": "ISA" },
        { "name": "Cabagan", "province": "ISA" },
        { "name": "Cabatuan", "province": "ISA" },
        { "name": "Cauayan City", "province": "ISA", "city": true },
        { "name": "Cordon", "province": "ISA" },
        { "name": "Delfin Albano", "province": "ISA" },
        { "name": "Dinapigue", "province": "ISA" },
        { "name": "Divilacan", "province": "ISA" },
        { "name": "Echague", "province": "ISA" },
        { "name": "Gamu", "province": "ISA" },
        { "name": "Ilagan City", "province": "ISA", "city": true },
        { "name": "Jones", "province": "ISA" },
        { "name": "Luna", "province": "ISA" },
        { "name": "Maconacon", "province": "ISA" },
        { "name": "Mallig", "province": "ISA" },
        { "name": "Naguilian", "province": "ISA" },
        { "name": "Palanan", "province": "ISA" },
        { "name": "Quezon", "province": "ISA" },
        { "name": "Quirino", "province": "ISA" },
        { "name": "Ramon", "province": "ISA" },
        { "name": "Reina Mercedes", "province": "ISA" },
        { "name": "Roxas", "province": "ISA" },
        { "name": "San Agustin", "province": "ISA" },
        { "name": "San Guillermo", "province": "ISA" },
        { "name": "San Isidro", "province": "ISA" },
        { "name": "San Manuel", "province": "ISA" },
        { "name": "San Mariano", "province": "ISA" },
        { "name": "San Mateo", "province": "ISA" },
        { "name": "San Pablo", "province": "ISA" },
        { "name": "Santa Maria", "province": "ISA" },
        { "name": "Santiago City", "province": "ISA", "city": true },
        { "name": "Santo Tomas", "province": "ISA" },
        { "name": "Tumauini", "province": "ISA" },
      
        { "name": "Alfonso Castaneda", "province": "NUV" },
        { "name": "Ambaguio", "province": "NUV" },
        { "name": "Aritao", "province": "NUV" },
        { "name": "Bagabag", "province": "NUV" },
        { "name": "Bambang", "province": "NUV" },
        { "name": "Bayombong", "province": "NUV" },
        { "name": "Diadi", "province": "NUV" },
        { "name": "Dupax del Norte", "province": "NUV" },
        { "name": "Dupax del Sur", "province": "NUV" },
        { "name": "Kasibu", "province": "NUV" },
        { "name": "Kayapa", "province": "NUV" },
        { "name": "Quezon", "province": "NUV" },
        { "name": "Santa Fe", "province": "NUV" },
        { "name": "Solano", "province": "NUV" },
        { "name": "Villaverde", "province": "NUV" },
      
        { "name": "Aglipay", "province": "QUI" },
        { "name": "Cabarroguis", "province": "QUI" },
        { "name": "Diffun", "province": "QUI" },
        { "name": "Maddela", "province": "QUI" },
        { "name": "Nagtipunan", "province": "QUI" },
        { "name": "Saguday", "province": "QUI" },
      
        { "name": "Baler", "province": "AUR" },
        { "name": "Casiguran", "province": "AUR" },
        { "name": "Dilasag", "province": "AUR" },
        { "name": "Dinalungan", "province": "AUR" },
        { "name": "Dingalan", "province": "AUR" },
        { "name": "Dipaculao", "province": "AUR" },
        { "name": "Maria Aurora", "province": "AUR" },
        { "name": "San Luis", "province": "AUR" },
      
        { "name": "Abucay", "province": "BAN" },
        { "name": "Bagac", "province": "BAN" },
        { "name": "Balanga City", "province": "BAN", "city": true },
        { "name": "Dinalupihan", "province": "BAN" },
        { "name": "Hermosa", "province": "BAN" },
        { "name": "Limay", "province": "BAN" },
        { "name": "Mariveles", "province": "BAN" },
        { "name": "Morong", "province": "BAN" },
        { "name": "Orani", "province": "BAN" },
        { "name": "Orion", "province": "BAN" },
        { "name": "Pilar", "province": "BAN" },
        { "name": "Samal", "province": "BAN" },
      
        { "name": "Angat", "province": "BUL" },
        { "name": "Balagtas", "province": "BUL" },
        { "name": "Baliuag", "province": "BUL" },
        { "name": "Bocaue", "province": "BUL" },
        { "name": "Bulakan", "province": "BUL" },
        { "name": "Bustos", "province": "BUL" },
        { "name": "Calumpit", "province": "BUL" },
        { "name": "Doña Remedios Trinidad", "province": "BUL" },
        { "name": "Guiguinto", "province": "BUL" },
        { "name": "Hagonoy", "province": "BUL" },
        { "name": "Malolos City", "province": "BUL", "city": true },
        { "name": "Marilao", "province": "BUL" },
        { "name": "Meycauayan City", "province": "BUL", "city": true },
        { "name": "Norzagaray", "province": "BUL" },
        { "name": "Obando", "province": "BUL" },
        { "name": "Pandi", "province": "BUL" },
        { "name": "Paombong", "province": "BUL" },
        { "name": "Plaridel", "province": "BUL" },
        { "name": "Pulilan", "province": "BUL" },
        { "name": "San Ildefonso", "province": "BUL" },
        { "name": "San Jose del Monte City", "province": "BUL", "city": true },
        { "name": "San Miguel", "province": "BUL" },
        { "name": "San Rafael", "province": "BUL" },
        { "name": "Santa Maria", "province": "BUL" },
      
        { "name": "Aliaga", "province": "NUE" },
        { "name": "Bongabon", "province": "NUE" },
        { "name": "Cabanatuan City", "province": "NUE", "city": true },
        { "name": "Cabiao", "province": "NUE" },
        { "name": "Carranglan", "province": "NUE" },
        { "name": "Cuyapo", "province": "NUE" },
        { "name": "Gabaldon", "province": "NUE" },
        { "name": "Gapan City", "province": "NUE", "city": true },
        { "name": "General Mamerto Natividad", "province": "NUE" },
        { "name": "General Tinio", "province": "NUE" },
        { "name": "Guimba", "province": "NUE" },
        { "name": "Jaen", "province": "NUE" },
        { "name": "Laur", "province": "NUE" },
        { "name": "Licab", "province": "NUE" },
        { "name": "Llanera", "province": "NUE" },
        { "name": "Lupao", "province": "NUE" },
        { "name": "Muñoz City", "province": "NUE", "city": true },
        { "name": "Nampicuan", "province": "NUE" },
        { "name": "Palayan City", "province": "NUE", "city": true },
        { "name": "Pantabangan", "province": "NUE" },
        { "name": "Peñaranda", "province": "NUE" },
        { "name": "Quezon", "province": "NUE" },
        { "name": "Rizal", "province": "NUE" },
        { "name": "San Antonio", "province": "NUE" },
        { "name": "San Isidro", "province": "NUE" },
        { "name": "San Jose City", "province": "NUE", "city": true },
        { "name": "San Leonardo", "province": "NUE" },
        { "name": "Santa Rosa", "province": "NUE" },
        { "name": "Santo Domingo", "province": "NUE" },
        { "name": "Talavera", "province": "NUE" },
        { "name": "Talugtug", "province": "NUE" },
        { "name": "Zaragoza", "province": "NUE" },
      
        { "name": "Angeles City", "province": "PAM", "city": true },
        { "name": "Apalit", "province": "PAM" },
        { "name": "Arayat", "province": "PAM" },
        { "name": "Bacolor", "province": "PAM" },
        { "name": "Candaba", "province": "PAM" },
        { "name": "Floridablanca", "province": "PAM" },
        { "name": "Guagua", "province": "PAM" },
        { "name": "Lubao", "province": "PAM" },
        { "name": "Mabalacat City", "province": "PAM", "city": true },
        { "name": "Macabebe", "province": "PAM" },
        { "name": "Magalang", "province": "PAM" },
        { "name": "Masantol", "province": "PAM" },
        { "name": "Mexico", "province": "PAM" },
        { "name": "Minalin", "province": "PAM" },
        { "name": "Porac", "province": "PAM" },
        { "name": "San Fernando City", "province": "PAM", "city": true },
        { "name": "San Luis", "province": "PAM" },
        { "name": "San Simon", "province": "PAM" },
        { "name": "Santa Ana", "province": "PAM" },
        { "name": "Santa Rita", "province": "PAM" },
        { "name": "Santo Tomas", "province": "PAM" },
        { "name": "Sasmuan", "province": "PAM" },
      
        { "name": "Anao", "province": "TAR" },
        { "name": "Bamban", "province": "TAR" },
        { "name": "Camiling", "province": "TAR" },
        { "name": "Capas", "province": "TAR" },
        { "name": "Concepcion", "province": "TAR" },
        { "name": "Gerona", "province": "TAR" },
        { "name": "La Paz", "province": "TAR" },
        { "name": "Mayantoc", "province": "TAR" },
        { "name": "Moncada", "province": "TAR" },
        { "name": "Paniqui", "province": "TAR" },
        { "name": "Pura", "province": "TAR" },
        { "name": "Ramos", "province": "TAR" },
        { "name": "San Clemente", "province": "TAR" },
        { "name": "San Jose", "province": "TAR" },
        { "name": "San Manuel", "province": "TAR" },
        { "name": "Santa Ignacia", "province": "TAR" },
        { "name": "Tarlac City", "province": "TAR", "city": true },
        { "name": "Victoria", "province": "TAR" },
      
        { "name": "Botolan", "province": "ZMB" },
        { "name": "Cabangan", "province": "ZMB" },
        { "name": "Candelaria", "province": "ZMB" },
        { "name": "Castillejos", "province": "ZMB" },
        { "name": "Iba", "province": "ZMB" },
        { "name": "Masinloc", "province": "ZMB" },
        { "name": "Olongapo City", "province": "ZMB", "city": true },
        { "name": "Palauig", "province": "ZMB" },
        { "name": "San Antonio", "province": "ZMB" },
        { "name": "San Felipe", "province": "ZMB" },
        { "name": "San Marcelino", "province": "ZMB" },
        { "name": "San Narciso", "province": "ZMB" },
        { "name": "Santa Cruz", "province": "ZMB" },
        { "name": "Subic", "province": "ZMB" },
      
        { "name": "Agoncillo", "province": "BTG" },
        { "name": "Alitagtag", "province": "BTG" },
        { "name": "Balayan", "province": "BTG" },
        { "name": "Balete", "province": "BTG" },
        { "name": "Batangas City", "province": "BTG", "city": true },
        { "name": "Bauan", "province": "BTG" },
        { "name": "Calaca", "province": "BTG" },
        { "name": "Calatagan", "province": "BTG" },
        { "name": "Cuenca", "province": "BTG" },
        { "name": "Ibaan", "province": "BTG" },
        { "name": "Laurel", "province": "BTG" },
        { "name": "Lemery", "province": "BTG" },
        { "name": "Lian", "province": "BTG" },
        { "name": "Lipa City", "province": "BTG", "city": true },
        { "name": "Lobo", "province": "BTG" },
        { "name": "Mabini", "province": "BTG" },
        { "name": "Malvar", "province": "BTG" },
        { "name": "Mataasnakahoy", "province": "BTG" },
        { "name": "Nasugbu", "province": "BTG" },
        { "name": "Padre Garcia", "province": "BTG" },
        { "name": "Rosario", "province": "BTG" },
        { "name": "San Jose", "province": "BTG" },
        { "name": "San Juan", "province": "BTG" },
        { "name": "San Luis", "province": "BTG" },
        { "name": "San Nicolas", "province": "BTG" },
        { "name": "San Pascual", "province": "BTG" },
        { "name": "Santa Teresita", "province": "BTG" },
        { "name": "Santo Tomas", "province": "BTG" },
        { "name": "Taal", "province": "BTG" },
        { "name": "Talisay", "province": "BTG" },
        { "name": "Tanauan City", "province": "BTG", "city": true },
        { "name": "Taysan", "province": "BTG" },
        { "name": "Tingloy", "province": "BTG" },
        { "name": "Tuy", "province": "BTG" },
      
        { "name": "Alfonso", "province": "CAV" },
        { "name": "Amadeo", "province": "CAV" },
        { "name": "Bacoor City", "province": "CAV", "city": true },
        { "name": "Carmona", "province": "CAV" },
        { "name": "Cavite City", "province": "CAV", "city": true },
        { "name": "Dasmariñas City", "province": "CAV", "city": true },
        { "name": "General Mariano Alvarez", "province": "CAV" },
        { "name": "General Emilio Aguinaldo", "province": "CAV" },
        { "name": "General Trias", "province": "CAV" },
        { "name": "Imus City", "province": "CAV", "city": true },
        { "name": "Indang", "province": "CAV" },
        { "name": "Kawit", "province": "CAV" },
        { "name": "Magallanes", "province": "CAV" },
        { "name": "Maragondon", "province": "CAV" },
        { "name": "Mendez", "province": "CAV" },
        { "name": "Naic", "province": "CAV" },
        { "name": "Noveleta", "province": "CAV" },
        { "name": "Rosario", "province": "CAV" },
        { "name": "Silang", "province": "CAV" },
        { "name": "Tagaytay City", "province": "CAV", "city": true },
        { "name": "Tanza", "province": "CAV" },
        { "name": "Ternate", "province": "CAV" },
        { "name": "Trece Martires City", "province": "CAV", "city": true },
      
        { "name": "Alaminos City", "province": "LAG" },
        { "name": "Bay City", "province": "LAG" },
        { "name": "Biñan City", "province": "LAG", "city": true },
        { "name": "Cabuyao City", "province": "LAG", "city": true },
        { "name": "Calamba City", "province": "LAG", "city": true },
        { "name": "Calauan", "province": "LAG" },
        { "name": "Cavinti", "province": "LAG" },
        { "name": "Famy", "province": "LAG" },
        { "name": "Kalayaan", "province": "LAG" },
        { "name": "Liliw", "province": "LAG" },
        { "name": "Los Baños", "province": "LAG" },
        { "name": "Luisiana", "province": "LAG" },
        { "name": "Lumban", "province": "LAG" },
        { "name": "Mabitac", "province": "LAG" },
        { "name": "Magdalena", "province": "LAG" },
        { "name": "Majayjay", "province": "LAG" },
        { "name": "Nagcarlan", "province": "LAG" },
        { "name": "Paete", "province": "LAG" },
        { "name": "Pagsanjan", "province": "LAG" },
        { "name": "Pakil", "province": "LAG" },
        { "name": "Pangil", "province": "LAG" },
        { "name": "Pila", "province": "LAG" },
        { "name": "Rizal", "province": "LAG" },
        { "name": "San Pablo City", "province": "LAG", "city": true },
        { "name": "San Pedro City", "province": "LAG", "city": true },
        { "name": "Santa Cruz", "province": "LAG" },
        { "name": "Santa Maria", "province": "LAG" },
        { "name": "Santa Rosa City", "province": "LAG", "city": true },
        { "name": "Siniloan", "province": "LAG" },
        { "name": "Victoria", "province": "LAG" },
      
        { "name": "Agdangan", "province": "QUE" },
        { "name": "Alabat", "province": "QUE" },
        { "name": "Atimonan", "province": "QUE" },
        { "name": "Buenavista", "province": "QUE" },
        { "name": "Burdeos", "province": "QUE" },
        { "name": "Calauag", "province": "QUE" },
        { "name": "Candelaria", "province": "QUE" },
        { "name": "Catanauan", "province": "QUE" },
        { "name": "Dolores", "province": "QUE" },
        { "name": "General Luna", "province": "QUE" },
        { "name": "General Nakar", "province": "QUE" },
        { "name": "Guinayangan", "province": "QUE" },
        { "name": "Gumaca", "province": "QUE" },
        { "name": "Infanta", "province": "QUE" },
        { "name": "Jomalig", "province": "QUE" },
        { "name": "Lopez", "province": "QUE" },
        { "name": "Lucban", "province": "QUE" },
        { "name": "Lucena City", "province": "QUE", "city": true },
        { "name": "Macalelon", "province": "QUE" },
        { "name": "Mauban", "province": "QUE" },
        { "name": "Mulanay", "province": "QUE" },
        { "name": "Padre Burgos", "province": "QUE" },
        { "name": "Pagbilao", "province": "QUE" },
        { "name": "Panukulan", "province": "QUE" },
        { "name": "Patnanungan", "province": "QUE" },
        { "name": "Perez", "province": "QUE" },
        { "name": "Pitogo", "province": "QUE" },
        { "name": "Plaridel", "province": "QUE" },
        { "name": "Polillo", "province": "QUE" },
        { "name": "Quezon", "province": "QUE" },
        { "name": "Real", "province": "QUE" },
        { "name": "Sampaloc", "province": "QUE" },
        { "name": "San Andres", "province": "QUE" },
        { "name": "San Antonio", "province": "QUE" },
        { "name": "San Francisco", "province": "QUE" },
        { "name": "San Narciso", "province": "QUE" },
        { "name": "Sariaya", "province": "QUE" },
        { "name": "Tagkawayan", "province": "QUE" },
        { "name": "Tayabas City", "province": "QUE", "city": true },
        { "name": "Tiaong", "province": "QUE" },
        { "name": "Unisan", "province": "QUE" },
      
        { "name": "Angono", "province": "RIZ" },
        { "name": "Antipolo City", "province": "RIZ", "city": true },
        { "name": "Baras", "province": "RIZ" },
        { "name": "Binangonan", "province": "RIZ" },
        { "name": "Cainta", "province": "RIZ" },
        { "name": "Cardona", "province": "RIZ" },
        { "name": "Jalajala", "province": "RIZ" },
        { "name": "Morong", "province": "RIZ" },
        { "name": "Pililla", "province": "RIZ" },
        { "name": "Rodriguez", "province": "RIZ" },
        { "name": "San Mateo", "province": "RIZ" },
        { "name": "Tanay", "province": "RIZ" },
        { "name": "Taytay", "province": "RIZ" },
        { "name": "Teresa", "province": "RIZ" },
      
        { "name": "Boac", "province": "MAD" },
        { "name": "Buenavista", "province": "MAD" },
        { "name": "Gasan", "province": "MAD" },
        { "name": "Mogpog", "province": "MAD" },
        { "name": "Santa Cruz", "province": "MAD" },
        { "name": "Torrijos", "province": "MAD" },
      
        { "name": "Abra de Ilog", "province": "MDC" },
        { "name": "Calintaan", "province": "MDC" },
        { "name": "Looc", "province": "MDC" },
        { "name": "Lubang", "province": "MDC" },
        { "name": "Magsaysay", "province": "MDC" },
        { "name": "Mamburao", "province": "MDC" },
        { "name": "Paluan", "province": "MDC" },
        { "name": "Rizal", "province": "MDC" },
        { "name": "Sablayan", "province": "MDC" },
        { "name": "San Jose", "province": "MDC" },
        { "name": "Santa Cruz", "province": "MDC" },
      
        { "name": "Baco", "province": "MDR" },
        { "name": "Bansud", "province": "MDR" },
        { "name": "Bongabong", "province": "MDR" },
        { "name": "Bulalacao", "province": "MDR" },
        { "name": "Calapan City", "province": "MDR", "city": true },
        { "name": "Gloria", "province": "MDR" },
        { "name": "Mansalay", "province": "MDR" },
        { "name": "Naujan", "province": "MDR" },
        { "name": "Pinamalayan", "province": "MDR" },
        { "name": "Pola", "province": "MDR" },
        { "name": "Puerto Galera", "province": "MDR" },
        { "name": "Roxas", "province": "MDR" },
        { "name": "San Teodoro", "province": "MDR" },
        { "name": "Socorro", "province": "MDR" },
        { "name": "Victoria", "province": "MDR" },
      
        { "name": "Aborlan", "province": "PLW" },
        { "name": "Agutaya", "province": "PLW" },
        { "name": "Araceli", "province": "PLW" },
        { "name": "Balabac", "province": "PLW" },
        { "name": "Bataraza", "province": "PLW" },
        { "name": "Brooke's Point", "province": "PLW" },
        { "name": "Busuanga", "province": "PLW" },
        { "name": "Cagayancillo", "province": "PLW" },
        { "name": "Coron", "province": "PLW" },
        { "name": "Culion", "province": "PLW" },
        { "name": "Cuyo", "province": "PLW" },
        { "name": "Dumaran", "province": "PLW" },
        { "name": "El Nido", "province": "PLW" },
        { "name": "Kalayaan", "province": "PLW" },
        { "name": "Linapacan", "province": "PLW" },
        { "name": "Magsaysay", "province": "PLW" },
        { "name": "Narra", "province": "PLW" },
        { "name": "Puerto Princesa City", "province": "PLW", "city": true },
        { "name": "Quezon", "province": "PLW" },
        { "name": "Rizal", "province": "PLW" },
        { "name": "Roxas", "province": "PLW" },
        { "name": "San Vicente", "province": "PLW" },
        { "name": "Sofronio Española", "province": "PLW" },
        { "name": "Taytay", "province": "PLW" },
      
        { "name": "Alcantara", "province": "ROM" },
        { "name": "Banton", "province": "ROM" },
        { "name": "Cajidiocan", "province": "ROM" },
        { "name": "Calatrava", "province": "ROM" },
        { "name": "Concepcion", "province": "ROM" },
        { "name": "Corcuera", "province": "ROM" },
        { "name": "Ferrol", "province": "ROM" },
        { "name": "Looc", "province": "ROM" },
        { "name": "Magdiwang", "province": "ROM" },
        { "name": "Odiongan", "province": "ROM" },
        { "name": "Romblon", "province": "ROM" },
        { "name": "San Agustin", "province": "ROM" },
        { "name": "San Andres", "province": "ROM" },
        { "name": "San Fernando", "province": "ROM" },
        { "name": "San Jose", "province": "ROM" },
        { "name": "Santa Fe", "province": "ROM" },
        { "name": "Santa Maria", "province": "ROM" },
      
        { "name": "Bacacay", "province": "ALB" },
        { "name": "Camalig", "province": "ALB" },
        { "name": "Daraga", "province": "ALB" },
        { "name": "Guinobatan", "province": "ALB" },
        { "name": "Jovellar", "province": "ALB" },
        { "name": "Legazpi City", "province": "ALB", "city": true },
        { "name": "Libon", "province": "ALB" },
        { "name": "Ligao City", "province": "ALB", "city": true },
        { "name": "Malilipot", "province": "ALB" },
        { "name": "Malinao", "province": "ALB" },
        { "name": "Manito", "province": "ALB" },
        { "name": "Oas", "province": "ALB" },
        { "name": "Pio Duran", "province": "ALB" },
        { "name": "Polangui", "province": "ALB" },
        { "name": "Rapu-Rapu", "province": "ALB" },
        { "name": "Santo Domingo", "province": "ALB" },
        { "name": "Tabaco City", "province": "ALB", "city": true },
        { "name": "Tiwi", "province": "ALB" },
      
        { "name": "Basud", "province": "CAN" },
        { "name": "Capalonga", "province": "CAN" },
        { "name": "Daet", "province": "CAN" },
        { "name": "Jose Panganiban", "province": "CAN" },
        { "name": "Labo", "province": "CAN" },
        { "name": "Mercedes", "province": "CAN" },
        { "name": "Paracale", "province": "CAN" },
        { "name": "San Lorenzo Ruiz", "province": "CAN" },
        { "name": "San Vicente", "province": "CAN" },
        { "name": "Santa Elena", "province": "CAN" },
        { "name": "Talisay", "province": "CAN" },
        { "name": "Vinzons", "province": "CAN" },
      
        { "name": "Baao", "province": "CAS" },
        { "name": "Balatan", "province": "CAS" },
        { "name": "Bato", "province": "CAS" },
        { "name": "Bombon", "province": "CAS" },
        { "name": "Buhi", "province": "CAS" },
        { "name": "Bula", "province": "CAS" },
        { "name": "Cabusao", "province": "CAS" },
        { "name": "Calabanga", "province": "CAS" },
        { "name": "Camaligan", "province": "CAS" },
        { "name": "Canaman", "province": "CAS" },
        { "name": "Caramoan", "province": "CAS" },
        { "name": "Del Gallego", "province": "CAS" },
        { "name": "Gainza", "province": "CAS" },
        { "name": "Garchitorena", "province": "CAS" },
        { "name": "Goa", "province": "CAS" },
        { "name": "Iriga City", "province": "CAS", "city": true },
        { "name": "Lagonoy", "province": "CAS" },
        { "name": "Libmanan", "province": "CAS" },
        { "name": "Lupi", "province": "CAS" },
        { "name": "Magarao", "province": "CAS" },
        { "name": "Milaor", "province": "CAS" },
        { "name": "Minalabac", "province": "CAS" },
        { "name": "Nabua", "province": "CAS" },
        { "name": "Naga City", "province": "CAS", "city": true },
        { "name": "Ocampo", "province": "CAS" },
        { "name": "Pamplona", "province": "CAS" },
        { "name": "Pasacao", "province": "CAS" },
        { "name": "Pili", "province": "CAS" },
        { "name": "Presentacion", "province": "CAS" },
        { "name": "Ragay", "province": "CAS" },
        { "name": "Sagñay", "province": "CAS" },
        { "name": "San Fernando", "province": "CAS" },
        { "name": "San Jose", "province": "CAS" },
        { "name": "Sipocot", "province": "CAS" },
        { "name": "Siruma", "province": "CAS" },
        { "name": "Tigaon", "province": "CAS" },
        { "name": "Tinambac", "province": "CAS" },
      
        { "name": "Bagamanoc", "province": "CAT" },
        { "name": "Baras", "province": "CAT" },
        { "name": "Bato", "province": "CAT" },
        { "name": "Caramoran", "province": "CAT" },
        { "name": "Gigmoto", "province": "CAT" },
        { "name": "Pandan", "province": "CAT" },
        { "name": "Panganiban", "province": "CAT" },
        { "name": "San Andres", "province": "CAT" },
        { "name": "San Miguel", "province": "CAT" },
        { "name": "Viga", "province": "CAT" },
        { "name": "Virac", "province": "CAT" },
      
        { "name": "Aroroy", "province": "MAS" },
        { "name": "Baleno", "province": "MAS" },
        { "name": "Balud", "province": "MAS" },
        { "name": "Batuan", "province": "MAS" },
        { "name": "Cataingan", "province": "MAS" },
        { "name": "Cawayan", "province": "MAS" },
        { "name": "Claveria", "province": "MAS" },
        { "name": "Dimasalang", "province": "MAS" },
        { "name": "Esperanza", "province": "MAS" },
        { "name": "Mandaon", "province": "MAS" },
        { "name": "Masbate City", "province": "MAS", "city": true },
        { "name": "Milagros", "province": "MAS" },
        { "name": "Mobo", "province": "MAS" },
        { "name": "Monreal", "province": "MAS" },
        { "name": "Palanas", "province": "MAS" },
        { "name": "Pio V. Corpuz", "province": "MAS" },
        { "name": "Placer", "province": "MAS" },
        { "name": "San Fernando", "province": "MAS" },
        { "name": "San Jacinto", "province": "MAS" },
        { "name": "San Pascual", "province": "MAS" },
        { "name": "Uson", "province": "MAS" },
      
        { "name": "Barcelona", "province": "SOR" },
        { "name": "Bulan", "province": "SOR" },
        { "name": "Bulusan", "province": "SOR" },
        { "name": "Casiguran", "province": "SOR" },
        { "name": "Castilla", "province": "SOR" },
        { "name": "Donsol", "province": "SOR" },
        { "name": "Gubat", "province": "SOR" },
        { "name": "Irosin", "province": "SOR" },
        { "name": "Juban", "province": "SOR" },
        { "name": "Magallanes", "province": "SOR" },
        { "name": "Matnog", "province": "SOR" },
        { "name": "Pilar", "province": "SOR" },
        { "name": "Prieto Diaz", "province": "SOR" },
        { "name": "Santa Magdalena", "province": "SOR" },
        { "name": "Sorsogon City", "province": "SOR", "city": true },
      
        { "name": "Altavas", "province": "AKL" },
        { "name": "Balete", "province": "AKL" },
        { "name": "Banga", "province": "AKL" },
        { "name": "Batan", "province": "AKL" },
        { "name": "Buruanga", "province": "AKL" },
        { "name": "Ibajay", "province": "AKL" },
        { "name": "Kalibo", "province": "AKL" },
        { "name": "Lezo", "province": "AKL" },
        { "name": "Libacao", "province": "AKL" },
        { "name": "Madalag", "province": "AKL" },
        { "name": "Makato", "province": "AKL" },
        { "name": "Malay", "province": "AKL" },
        { "name": "Malinao", "province": "AKL" },
        { "name": "Nabas", "province": "AKL" },
        { "name": "New Washington", "province": "AKL" },
        { "name": "Numancia", "province": "AKL" },
        { "name": "Tangalan", "province": "AKL" },
      
        { "name": "Anini-y", "province": "ANT" },
        { "name": "Barbaza", "province": "ANT" },
        { "name": "Belison", "province": "ANT" },
        { "name": "Bugasong", "province": "ANT" },
        { "name": "Caluya", "province": "ANT" },
        { "name": "Culasi", "province": "ANT" },
        { "name": "Hamtic", "province": "ANT" },
        { "name": "Laua-an", "province": "ANT" },
        { "name": "Libertad", "province": "ANT" },
        { "name": "Pandan", "province": "ANT" },
        { "name": "Patnongon", "province": "ANT" },
        { "name": "San Jose", "province": "ANT" },
        { "name": "San Remigio", "province": "ANT" },
        { "name": "Sebaste", "province": "ANT" },
        { "name": "Sibalom", "province": "ANT" },
        { "name": "Tibiao", "province": "ANT" },
        { "name": "Tobias Fornier", "province": "ANT" },
        { "name": "Valderrama", "province": "ANT" },
      
        { "name": "Cuartero", "province": "CAP" },
        { "name": "Dao", "province": "CAP" },
        { "name": "Dumalag", "province": "CAP" },
        { "name": "Dumarao", "province": "CAP" },
        { "name": "Ivisan", "province": "CAP" },
        { "name": "Jamindan", "province": "CAP" },
        { "name": "Maayon", "province": "CAP" },
        { "name": "Mambusao", "province": "CAP" },
        { "name": "Panay", "province": "CAP" },
        { "name": "Panitan", "province": "CAP" },
        { "name": "Pilar", "province": "CAP" },
        { "name": "Pontevedra", "province": "CAP" },
        { "name": "President Roxas", "province": "CAP" },
        { "name": "Roxas City", "province": "CAP", "city": true },
        { "name": "Sapian", "province": "CAP" },
        { "name": "Sigma", "province": "CAP" },
        { "name": "Tapaz", "province": "CAP" },
      
        { "name": "Buenavista", "province": "GUI" },
        { "name": "Jordan", "province": "GUI" },
        { "name": "Nueva Valencia", "province": "GUI" },
        { "name": "San Lorenzo", "province": "GUI" },
        { "name": "Sibunag", "province": "GUI" },
      
        { "name": "Ajuy", "province": "ILI" },
        { "name": "Alimodian", "province": "ILI" },
        { "name": "Anilao", "province": "ILI" },
        { "name": "Badiangan", "province": "ILI" },
        { "name": "Balasan", "province": "ILI" },
        { "name": "Banate", "province": "ILI" },
        { "name": "Barotac Nuevo", "province": "ILI" },
        { "name": "Barotac Viejo", "province": "ILI" },
        { "name": "Batad", "province": "ILI" },
        { "name": "Bingawan", "province": "ILI" },
        { "name": "Cabatuan", "province": "ILI" },
        { "name": "Calinog", "province": "ILI" },
        { "name": "Carles", "province": "ILI" },
        { "name": "Concepcion", "province": "ILI" },
        { "name": "Dingle", "province": "ILI" },
        { "name": "Dueñas", "province": "ILI" },
        { "name": "Dumangas", "province": "ILI" },
        { "name": "Estancia", "province": "ILI" },
        { "name": "Guimbal", "province": "ILI" },
        { "name": "Igbaras", "province": "ILI" },
        { "name": "Iloilo City", "province": "ILI", "city": true },
        { "name": "Janiuay", "province": "ILI" },
        { "name": "Lambunao", "province": "ILI" },
        { "name": "Leganes", "province": "ILI" },
        { "name": "Lemery", "province": "ILI" },
        { "name": "Leon", "province": "ILI" },
        { "name": "Maasin", "province": "ILI" },
        { "name": "Miagao", "province": "ILI" },
        { "name": "Mina", "province": "ILI" },
        { "name": "New Lucena", "province": "ILI" },
        { "name": "Oton", "province": "ILI" },
        { "name": "Passi City", "province": "ILI", "city": true },
        { "name": "Pavia", "province": "ILI" },
        { "name": "Pototan", "province": "ILI" },
        { "name": "San Dionisio", "province": "ILI" },
        { "name": "San Enrique", "province": "ILI" },
        { "name": "San Joaquin", "province": "ILI" },
        { "name": "San Miguel", "province": "ILI" },
        { "name": "San Rafael", "province": "ILI" },
        { "name": "Santa Barbara", "province": "ILI" },
        { "name": "Sara", "province": "ILI" },
        { "name": "Tigbauan", "province": "ILI" },
        { "name": "Tubungan", "province": "ILI" },
        { "name": "Zarraga", "province": "ILI" },
      
        { "name": "Bacolod City", "province": "NEC", "city": true },
        { "name": "Bago City", "province": "NEC", "city": true },
        { "name": "Binalbagan", "province": "NEC" },
        { "name": "Cadiz City", "province": "NEC", "city": true },
        { "name": "Calatrava", "province": "NEC" },
        { "name": "Candoni", "province": "NEC" },
        { "name": "Cauayan", "province": "NEC" },
        { "name": "Enrique B. Magalona", "province": "NEC" },
        { "name": "Escalante City", "province": "NEC", "city": true },
        { "name": "Himamaylan City", "province": "NEC", "city": true },
        { "name": "Hinigaran", "province": "NEC" },
        { "name": "Hinoba-an", "province": "NEC" },
        { "name": "Ilog", "province": "NEC" },
        { "name": "Isabela", "province": "NEC" },
        { "name": "Kabankalan City", "province": "NEC", "city": true },
        { "name": "La Carlota City", "province": "NEC", "city": true },
        { "name": "La Castellana", "province": "NEC" },
        { "name": "Manapla", "province": "NEC" },
        { "name": "Moises Padilla", "province": "NEC" },
        { "name": "Murcia", "province": "NEC" },
        { "name": "Pontevedra", "province": "NEC" },
        { "name": "Pulupandan", "province": "NEC" },
        { "name": "Sagay City", "province": "NEC", "city": true },
        { "name": "Salvador Benedicto", "province": "NEC" },
        { "name": "San Carlos City", "province": "NEC", "city": true },
        { "name": "San Enrique", "province": "NEC" },
        { "name": "Silay City", "province": "NEC", "city": true },
        { "name": "Sipalay City", "province": "NEC", "city": true },
        { "name": "Talisay City", "province": "NEC", "city": true },
        { "name": "Toboso", "province": "NEC" },
        { "name": "Valladolid", "province": "NEC" },
        { "name": "Victorias City", "province": "NEC", "city": true },
      
        { "name": "Alburquerque", "province": "BOH" },
        { "name": "Alicia", "province": "BOH" },
        { "name": "Anda", "province": "BOH" },
        { "name": "Antequera", "province": "BOH" },
        { "name": "Baclayon", "province": "BOH" },
        { "name": "Balilihan", "province": "BOH" },
        { "name": "Batuan", "province": "BOH" },
        { "name": "Bien Unido", "province": "BOH" },
        { "name": "Bilar", "province": "BOH" },
        { "name": "Buenavista", "province": "BOH" },
        { "name": "Calape", "province": "BOH" },
        { "name": "Candijay", "province": "BOH" },
        { "name": "Carmen", "province": "BOH" },
        { "name": "Catigbian", "province": "BOH" },
        { "name": "Clarin", "province": "BOH" },
        { "name": "Corella", "province": "BOH" },
        { "name": "Cortes", "province": "BOH" },
        { "name": "Dagohoy", "province": "BOH" },
        { "name": "Danao", "province": "BOH" },
        { "name": "Dauis", "province": "BOH" },
        { "name": "Dimiao", "province": "BOH" },
        { "name": "Duero", "province": "BOH" },
        { "name": "Garcia Hernandez", "province": "BOH" },
        { "name": "Getafe", "province": "BOH" },
        { "name": "Guindulman", "province": "BOH" },
        { "name": "Inabanga", "province": "BOH" },
        { "name": "Jagna", "province": "BOH" },
        { "name": "Lila", "province": "BOH" },
        { "name": "Loay", "province": "BOH" },
        { "name": "Loboc", "province": "BOH" },
        { "name": "Loon", "province": "BOH" },
        { "name": "Mabini", "province": "BOH" },
        { "name": "Maribojoc", "province": "BOH" },
        { "name": "Panglao", "province": "BOH" },
        { "name": "Pilar", "province": "BOH" },
        { "name": "President Carlos P. Garcia", "province": "BOH" },
        { "name": "Sagbayan", "province": "BOH" },
        { "name": "San Isidro", "province": "BOH" },
        { "name": "San Miguel", "province": "BOH" },
        { "name": "Sevilla", "province": "BOH" },
        { "name": "Sierra Bullones", "province": "BOH" },
        { "name": "Sikatuna", "province": "BOH" },
        { "name": "Tagbilaran City", "province": "BOH", "city": true },
        { "name": "Talibon", "province": "BOH" },
        { "name": "Trinidad", "province": "BOH" },
        { "name": "Tubigon", "province": "BOH" },
        { "name": "Ubay", "province": "BOH" },
        { "name": "Valencia", "province": "BOH" },
      
        { "name": "Alcantara", "province": "CEB" },
        { "name": "Alcoy", "province": "CEB" },
        { "name": "Alegria", "province": "CEB" },
        { "name": "Aloguinsan", "province": "CEB" },
        { "name": "Argao", "province": "CEB" },
        { "name": "Asturias", "province": "CEB" },
        { "name": "Badian", "province": "CEB" },
        { "name": "Balamban", "province": "CEB" },
        { "name": "Bantayan", "province": "CEB" },
        { "name": "Barili", "province": "CEB" },
        { "name": "Bogo City", "province": "CEB", "city": true },
        { "name": "Boljoon", "province": "CEB" },
        { "name": "Borbon", "province": "CEB" },
        { "name": "Carcar City", "province": "CEB", "city": true },
        { "name": "Carmen", "province": "CEB" },
        { "name": "Catmon", "province": "CEB" },
        { "name": "Cebu City", "province": "CEB", "city": true },
        { "name": "Compostela", "province": "CEB" },
        { "name": "Consolacion", "province": "CEB" },
        { "name": "Cordoba", "province": "CEB" },
        { "name": "Daanbantayan", "province": "CEB" },
        { "name": "Dalaguete", "province": "CEB" },
        { "name": "Danao City", "province": "CEB", "city": true },
        { "name": "Dumanjug", "province": "CEB" },
        { "name": "Ginatilan", "province": "CEB" },
        { "name": "Lapu-Lapu City", "province": "CEB", "city": true },
        { "name": "Liloan", "province": "CEB" },
        { "name": "Madridejos", "province": "CEB" },
        { "name": "Malabuyoc", "province": "CEB" },
        { "name": "Mandaue City", "province": "CEB", "city": true },
        { "name": "Medellin", "province": "CEB" },
        { "name": "Minglanilla", "province": "CEB" },
        { "name": "Moalboal", "province": "CEB" },
        { "name": "Naga City", "province": "CEB", "city": true },
        { "name": "Oslob", "province": "CEB" },
        { "name": "Pilar", "province": "CEB" },
        { "name": "Pinamungajan", "province": "CEB" },
        { "name": "Poro", "province": "CEB" },
        { "name": "Ronda", "province": "CEB" },
        { "name": "Samboan", "province": "CEB" },
        { "name": "San Fernando", "province": "CEB" },
        { "name": "San Francisco", "province": "CEB" },
        { "name": "San Remigio", "province": "CEB" },
        { "name": "Santa Fe", "province": "CEB" },
        { "name": "Santander", "province": "CEB" },
        { "name": "Sibonga", "province": "CEB" },
        { "name": "Sogod", "province": "CEB" },
        { "name": "Tabogon", "province": "CEB" },
        { "name": "Tabuelan", "province": "CEB" },
        { "name": "Talisay City", "province": "CEB", "city": true },
        { "name": "Toledo City", "province": "CEB", "city": true },
        { "name": "Tuburan", "province": "CEB" },
        { "name": "Tudela", "province": "CEB" },
      
        { "name": "Amlan", "province": "NER" },
        { "name": "Ayungon", "province": "NER" },
        { "name": "Bacong", "province": "NER" },
        { "name": "Bais City", "province": "NER", "city": true },
        { "name": "Basay", "province": "NER" },
        { "name": "Bayawan City", "province": "NER", "city": true },
        { "name": "Bindoy", "province": "NER" },
        { "name": "Canlaon City", "province": "NER", "city": true },
        { "name": "Dauin", "province": "NER" },
        { "name": "Dumaguete", "province": "NER", "city": true },
        { "name": "Guihulngan City", "province": "NER", "city": true },
        { "name": "Jimalalud", "province": "NER" },
        { "name": "La Libertad", "province": "NER" },
        { "name": "Mabinay", "province": "NER" },
        { "name": "Manjuyod", "province": "NER" },
        { "name": "Pamplona", "province": "NER" },
        { "name": "San Jose", "province": "NER" },
        { "name": "Santa Catalina", "province": "NER" },
        { "name": "Siaton", "province": "NER" },
        { "name": "Sibulan", "province": "NER" },
        { "name": "Tanjay", "province": "NER", "city": true },
        { "name": "Tayasan", "province": "NER" },
        { "name": "Valencia", "province": "NER" },
        { "name": "Vallehermoso", "province": "NER" },
        { "name": "Zamboanguita", "province": "NER" },
      
        { "name": "Enrique Villanueva", "province": "SIG" },
        { "name": "Larena", "province": "SIG" },
        { "name": "Lazi", "province": "SIG" },
        { "name": "Maria", "province": "SIG" },
        { "name": "San Juan", "province": "SIG" },
        { "name": "Siquijor", "province": "SIG" },
      
        { "name": "Almeria", "province": "BIL" },
        { "name": "Biliran", "province": "BIL" },
        { "name": "Cabucgayan", "province": "BIL" },
        { "name": "Caibiran", "province": "BIL" },
        { "name": "Culaba", "province": "BIL" },
        { "name": "Kawayan", "province": "BIL" },
        { "name": "Maripipi", "province": "BIL" },
        { "name": "Naval", "province": "BIL" },
      
        { "name": "Arteche", "province": "EAS" },
        { "name": "Balangiga", "province": "EAS" },
        { "name": "Balangkayan", "province": "EAS" },
        { "name": "Borongan City", "province": "EAS", "city": true },
        { "name": "Can-avid", "province": "EAS" },
        { "name": "Dolores", "province": "EAS" },
        { "name": "General MacArthur", "province": "EAS" },
        { "name": "Giporlos", "province": "EAS" },
        { "name": "Guiuan", "province": "EAS" },
        { "name": "Hernani", "province": "EAS" },
        { "name": "Jipapad", "province": "EAS" },
        { "name": "Lawaan", "province": "EAS" },
        { "name": "Llorente", "province": "EAS" },
        { "name": "Maslog", "province": "EAS" },
        { "name": "Maydolong", "province": "EAS" },
        { "name": "Mercedes", "province": "EAS" },
        { "name": "Oras", "province": "EAS" },
        { "name": "Quinapondan", "province": "EAS" },
        { "name": "Salcedo", "province": "EAS" },
        { "name": "San Julian", "province": "EAS" },
        { "name": "San Policarpo", "province": "EAS" },
        { "name": "Sulat", "province": "EAS" },
        { "name": "Taft", "province": "EAS" },
      
        { "name": "Abuyog", "province": "LEY" },
        { "name": "Alangalang", "province": "LEY" },
        { "name": "Albuera", "province": "LEY" },
        { "name": "Babatngon", "province": "LEY" },
        { "name": "Barugo", "province": "LEY" },
        { "name": "Bato", "province": "LEY" },
        { "name": "Baybay", "province": "LEY", "city": true },
        { "name": "Burauen", "province": "LEY" },
        { "name": "Calubian", "province": "LEY" },
        { "name": "Capoocan", "province": "LEY" },
        { "name": "Carigara", "province": "LEY" },
        { "name": "Dagami", "province": "LEY" },
        { "name": "Dulag", "province": "LEY" },
        { "name": "Hilongos", "province": "LEY" },
        { "name": "Hindang", "province": "LEY" },
        { "name": "Inopacan", "province": "LEY" },
        { "name": "Isabel", "province": "LEY" },
        { "name": "Jaro", "province": "LEY" },
        { "name": "Javier", "province": "LEY" },
        { "name": "Julita", "province": "LEY" },
        { "name": "Kananga", "province": "LEY" },
        { "name": "La Paz", "province": "LEY" },
        { "name": "Leyte", "province": "LEY" },
        { "name": "MacArthur", "province": "LEY" },
        { "name": "Mahaplag", "province": "LEY" },
        { "name": "Matag-ob", "province": "LEY" },
        { "name": "Matalom", "province": "LEY" },
        { "name": "Mayorga", "province": "LEY" },
        { "name": "Merida", "province": "LEY" },
        { "name": "Ormoc City", "province": "LEY", "city": true },
        { "name": "Palo", "province": "LEY" },
        { "name": "Palompon", "province": "LEY" },
        { "name": "Pastrana", "province": "LEY" },
        { "name": "San Isidro", "province": "LEY" },
        { "name": "San Miguel", "province": "LEY" },
        { "name": "Santa Fe", "province": "LEY" },
        { "name": "Tabango", "province": "LEY" },
        { "name": "Tabontabon", "province": "LEY" },
        { "name": "Tacloban City", "province": "LEY", "city": true },
        { "name": "Tanauan", "province": "LEY" },
        { "name": "Tolosa", "province": "LEY" },
        { "name": "Tunga", "province": "LEY" },
        { "name": "Villaba", "province": "LEY" },
      
        { "name": "Allen", "province": "NSA" },
        { "name": "Biri", "province": "NSA" },
        { "name": "Bobon", "province": "NSA" },
        { "name": "Capul", "province": "NSA" },
        { "name": "Catarman", "province": "NSA" },
        { "name": "Catubig", "province": "NSA" },
        { "name": "Gamay", "province": "NSA" },
        { "name": "Laoang", "province": "NSA" },
        { "name": "Lapinig", "province": "NSA" },
        { "name": "Las Navas", "province": "NSA" },
        { "name": "Lavezares", "province": "NSA" },
        { "name": "Lope de Vega", "province": "NSA" },
        { "name": "Mapanas", "province": "NSA" },
        { "name": "Mondragon", "province": "NSA" },
        { "name": "Palapag", "province": "NSA" },
        { "name": "Pambujan", "province": "NSA" },
        { "name": "Rosario", "province": "NSA" },
        { "name": "San Antonio", "province": "NSA" },
        { "name": "San Isidro", "province": "NSA" },
        { "name": "San Jose", "province": "NSA" },
        { "name": "San Roque", "province": "NSA" },
        { "name": "San Vicente", "province": "NSA" },
        { "name": "Silvino Lobos", "province": "NSA" },
        { "name": "Victoria", "province": "NSA" },
      
        { "name": "Almagro", "province": "WSA" },
        { "name": "Basey", "province": "WSA" },
        { "name": "Calbayog City", "province": "WSA", "city": true },
        { "name": "Calbiga", "province": "WSA" },
        { "name": "Catbalogan City", "province": "WSA", "city": true },
        { "name": "Daram", "province": "WSA" },
        { "name": "Gandara", "province": "WSA" },
        { "name": "Hinabangan", "province": "WSA" },
        { "name": "Jiabong", "province": "WSA" },
        { "name": "Marabut", "province": "WSA" },
        { "name": "Matuguinao", "province": "WSA" },
        { "name": "Motiong", "province": "WSA" },
        { "name": "Pagsanghan", "province": "WSA" },
        { "name": "Paranas", "province": "WSA" },
        { "name": "Pinabacdao", "province": "WSA" },
        { "name": "San Jorge", "province": "WSA" },
        { "name": "San Jose de Buan", "province": "WSA" },
        { "name": "San Sebastian", "province": "WSA" },
        { "name": "Santa Margarita", "province": "WSA" },
        { "name": "Santa Rita", "province": "WSA" },
        { "name": "Santo Niño", "province": "WSA" },
        { "name": "Tagapul-an", "province": "WSA" },
        { "name": "Talalora", "province": "WSA" },
        { "name": "Tarangnan", "province": "WSA" },
        { "name": "Villareal", "province": "WSA" },
        { "name": "Zumarraga", "province": "WSA" },
      
        { "name": "Anahawan", "province": "SLE" },
        { "name": "Bontoc", "province": "SLE" },
        { "name": "Hinunangan", "province": "SLE" },
        { "name": "Hinundayan", "province": "SLE" },
        { "name": "Libagon", "province": "SLE" },
        { "name": "Liloan", "province": "SLE" },
        { "name": "Limasawa", "province": "SLE" },
        { "name": "Maasin City", "province": "SLE", "city": true },
        { "name": "Macrohon", "province": "SLE" },
        { "name": "Malitbog", "province": "SLE" },
        { "name": "Padre Burgos", "province": "SLE" },
        { "name": "Pintuyan", "province": "SLE" },
        { "name": "Saint Bernard", "province": "SLE" },
        { "name": "San Francisco", "province": "SLE" },
        { "name": "San Juan", "province": "SLE" },
        { "name": "San Ricardo", "province": "SLE" },
        { "name": "Silago", "province": "SLE" },
        { "name": "Sogod", "province": "SLE" },
        { "name": "Tomas Oppus", "province": "SLE" },
      
        { "name": "Baliguian", "province": "ZAN" },
        { "name": "Dapitan City", "province": "ZAN", "city": true },
        { "name": "Dipolog City", "province": "ZAN", "city": true },
        { "name": "Godod", "province": "ZAN" },
        { "name": "Gutalac", "province": "ZAN" },
        { "name": "Jose Dalman", "province": "ZAN" },
        { "name": "Kalawit", "province": "ZAN" },
        { "name": "Katipunan", "province": "ZAN" },
        { "name": "La Libertad", "province": "ZAN" },
        { "name": "Labason", "province": "ZAN" },
        { "name": "Leon B. Postigo", "province": "ZAN" },
        { "name": "Liloy", "province": "ZAN" },
        { "name": "Manukan", "province": "ZAN" },
        { "name": "Mutia", "province": "ZAN" },
        { "name": "Piñan", "province": "ZAN" },
        { "name": "Polanco", "province": "ZAN" },
        { "name": "President Manuel A. Roxas", "province": "ZAN" },
        { "name": "Rizal", "province": "ZAN" },
        { "name": "Salug", "province": "ZAN" },
        { "name": "Sergio Osmeña Sr.", "province": "ZAN" },
        { "name": "Siayan", "province": "ZAN" },
        { "name": "Sibuco", "province": "ZAN" },
        { "name": "Sibutad", "province": "ZAN" },
        { "name": "Sindangan", "province": "ZAN" },
        { "name": "Siocon", "province": "ZAN" },
        { "name": "Sirawai", "province": "ZAN" },
        { "name": "Tampilisan", "province": "ZAN" },
      
        { "name": "Aurora", "province": "ZAS" },
        { "name": "Bayog", "province": "ZAS" },
        { "name": "Dimataling", "province": "ZAS" },
        { "name": "Dinas", "province": "ZAS" },
        { "name": "Dumalinao", "province": "ZAS" },
        { "name": "Dumingag", "province": "ZAS" },
        { "name": "Guipos", "province": "ZAS" },
        { "name": "Josefina", "province": "ZAS" },
        { "name": "Kumalarang", "province": "ZAS" },
        { "name": "Labangan", "province": "ZAS" },
        { "name": "Lakewood", "province": "ZAS" },
        { "name": "Lapuyan", "province": "ZAS" },
        { "name": "Mahayag", "province": "ZAS" },
        { "name": "Margosatubig", "province": "ZAS" },
        { "name": "Midsalip", "province": "ZAS" },
        { "name": "Molave", "province": "ZAS" },
        { "name": "Pagadian", "province": "ZAS", "city": true },
        { "name": "Pitogo", "province": "ZAS" },
        { "name": "Ramon Magsaysay", "province": "ZAS" },
        { "name": "San Miguel", "province": "ZAS" },
        { "name": "San Pablo", "province": "ZAS" },
        { "name": "Sominot", "province": "ZAS" },
        { "name": "Tabina", "province": "ZAS" },
        { "name": "Tambulig", "province": "ZAS" },
        { "name": "Tigbao", "province": "ZAS" },
        { "name": "Tukuran", "province": "ZAS" },
        { "name": "Vincenzo A. Sagun", "province": "ZAS" },
        { "name": "Zamboanga City", "province": "ZAS", "city": true },
      
        { "name": "Alicia", "province": "ZSI" },
        { "name": "Buug", "province": "ZSI" },
        { "name": "Diplahan", "province": "ZSI" },
        { "name": "Imelda", "province": "ZSI" },
        { "name": "Ipil", "province": "ZSI" },
        { "name": "Kabasalan", "province": "ZSI" },
        { "name": "Mabuhay", "province": "ZSI" },
        { "name": "Malangas", "province": "ZSI" },
        { "name": "Naga", "province": "ZSI" },
        { "name": "Olutanga", "province": "ZSI" },
        { "name": "Payao", "province": "ZSI" },
        { "name": "Roseller Lim", "province": "ZSI" },
        { "name": "Siay", "province": "ZSI" },
        { "name": "Talusan", "province": "ZSI" },
        { "name": "Titay", "province": "ZSI" },
        { "name": "Tungawan", "province": "ZSI" },
      
        { "name": "Baungon", "province": "BUK" },
        { "name": "Cabanglasan", "province": "BUK" },
        { "name": "Damulog", "province": "BUK" },
        { "name": "Dangcagan", "province": "BUK" },
        { "name": "Don Carlos", "province": "BUK" },
        { "name": "Impasugong", "province": "BUK" },
        { "name": "Kadingilan", "province": "BUK" },
        { "name": "Kalilangan", "province": "BUK" },
        { "name": "Kibawe", "province": "BUK" },
        { "name": "Kitaotao", "province": "BUK" },
        { "name": "Lantapan", "province": "BUK" },
        { "name": "Libona", "province": "BUK" },
        { "name": "Malaybalay", "province": "BUK", "city": true },
        { "name": "Malitbog", "province": "BUK" },
        { "name": "Manolo Fortich", "province": "BUK" },
        { "name": "Maramag", "province": "BUK" },
        { "name": "Pangantucan", "province": "BUK" },
        { "name": "Quezon", "province": "BUK" },
        { "name": "San Fernando", "province": "BUK" },
        { "name": "Sumilao", "province": "BUK" },
        { "name": "Talakag", "province": "BUK" },
        { "name": "Valencia City", "province": "BUK", "city": true },
      
        { "name": "Catarman", "province": "CAM" },
        { "name": "Guinsiliban", "province": "CAM" },
        { "name": "Mahinog", "province": "CAM" },
        { "name": "Mambajao", "province": "CAM" },
        { "name": "Sagay", "province": "CAM" },
      
        { "name": "Bacolod", "province": "LAN" },
        { "name": "Baloi", "province": "LAN" },
        { "name": "Baroy", "province": "LAN" },
        { "name": "Iligan City", "province": "LAN", "city": true },
        { "name": "Kapatagan", "province": "LAN" },
        { "name": "Kauswagan", "province": "LAN" },
        { "name": "Kolambugan", "province": "LAN" },
        { "name": "Lala", "province": "LAN" },
        { "name": "Linamon", "province": "LAN" },
        { "name": "Magsaysay", "province": "LAN" },
        { "name": "Maigo", "province": "LAN" },
        { "name": "Matungao", "province": "LAN" },
        { "name": "Munai", "province": "LAN" },
        { "name": "Nunungan", "province": "LAN" },
        { "name": "Pantao Ragat", "province": "LAN" },
        { "name": "Pantar", "province": "LAN" },
        { "name": "Poona Piagapo", "province": "LAN" },
        { "name": "Salvador", "province": "LAN" },
        { "name": "Sapad", "province": "LAN" },
        { "name": "Sultan Naga Dimaporo", "province": "LAN" },
        { "name": "Tagoloan", "province": "LAN" },
        { "name": "Tangcal", "province": "LAN" },
        { "name": "Tubod", "province": "LAN" },
      
        { "name": "Aloran", "province": "MSC" },
        { "name": "Baliangao", "province": "MSC" },
        { "name": "Bonifacio", "province": "MSC" },
        { "name": "Calamba", "province": "MSC" },
        { "name": "Clarin", "province": "MSC" },
        { "name": "Concepcion", "province": "MSC" },
        { "name": "Don Victoriano Chiongbian", "province": "MSC" },
        { "name": "Jimenez", "province": "MSC" },
        { "name": "Lopez Jaena", "province": "MSC" },
        { "name": "Oroquieta", "province": "MSC", "city": true },
        { "name": "Ozamiz City", "province": "MSC", "city": true },
        { "name": "Panaon", "province": "MSC" },
        { "name": "Plaridel", "province": "MSC" },
        { "name": "Sapang Dalaga", "province": "MSC" },
        { "name": "Sinacaban", "province": "MSC" },
        { "name": "Tangub City", "province": "MSC", "city": true },
        { "name": "Tudela", "province": "MSC" },
      
        { "name": "Alubijid", "province": "MSR" },
        { "name": "Balingasag", "province": "MSR" },
        { "name": "Balingoan", "province": "MSR" },
        { "name": "Binuangan", "province": "MSR" },
        { "name": "Cagayan de Oro City", "province": "MSR", "city": true },
        { "name": "Claveria", "province": "MSR" },
        { "name": "El Salvador City", "province": "MSR", "city": true },
        { "name": "Gingoog City", "province": "MSR", "city": true },
        { "name": "Gitagum", "province": "MSR" },
        { "name": "Initao", "province": "MSR" },
        { "name": "Jasaan", "province": "MSR" },
        { "name": "Kinoguitan", "province": "MSR" },
        { "name": "Lagonglong", "province": "MSR" },
        { "name": "Laguindingan", "province": "MSR" },
        { "name": "Libertad", "province": "MSR" },
        { "name": "Lugait", "province": "MSR" },
        { "name": "Magsaysay", "province": "MSR" },
        { "name": "Manticao", "province": "MSR" },
        { "name": "Medina", "province": "MSR" },
        { "name": "Naawan", "province": "MSR" },
        { "name": "Opol", "province": "MSR" },
        { "name": "Salay", "province": "MSR" },
        { "name": "Sugbongcogon", "province": "MSR" },
        { "name": "Tagoloan", "province": "MSR" },
        { "name": "Talisayan", "province": "MSR" },
        { "name": "Villanueva", "province": "MSR" },
      
        { "name": "Compostela", "province": "COM" },
        { "name": "Laak", "province": "COM" },
        { "name": "Mabini", "province": "COM" },
        { "name": "Maco", "province": "COM" },
        { "name": "Maragusan", "province": "COM" },
        { "name": "Mawab", "province": "COM" },
        { "name": "Monkayo", "province": "COM" },
        { "name": "Montevista", "province": "COM" },
        { "name": "Nabunturan", "province": "COM" },
        { "name": "New Bataan", "province": "COM" },
        { "name": "Pantukan", "province": "COM" },
      
        { "name": "Asuncion", "province": "DAV" },
        { "name": "Braulio E. Dujali", "province": "DAV" },
        { "name": "Carmen", "province": "DAV" },
        { "name": "Kapalong", "province": "DAV" },
        { "name": "New Corella", "province": "DAV" },
        { "name": "Panabo City", "province": "DAV", "city": true },
        { "name": "Samal City", "province": "DAV", "city": true },
        { "name": "San Isidro", "province": "DAV" },
        { "name": "Santo Tomas", "province": "DAV" },
        { "name": "Tagum City", "province": "DAV", "city": true },
        { "name": "Talaingod", "province": "DAV" },
      
        { "name": "Bansalan", "province": "DAS" },
        { "name": "Davao City", "province": "DAS", "city": true },
        { "name": "Digos City", "province": "DAS", "city": true },
        { "name": "Hagonoy", "province": "DAS" },
        { "name": "Kiblawan", "province": "DAS" },
        { "name": "Magsaysay", "province": "DAS" },
        { "name": "Malalag", "province": "DAS" },
        { "name": "Matanao", "province": "DAS" },
        { "name": "Padada", "province": "DAS" },
        { "name": "Santa Cruz", "province": "DAS" },
        { "name": "Sulop", "province": "DAS" },
      
        { "name": "Don Marcelino", "province": "DAC" },
        { "name": "Jose Abad Santos", "province": "DAC" },
        { "name": "Malita", "province": "DAC" },
        { "name": "Santa Maria", "province": "DAC" },
        { "name": "Sarangani", "province": "DAC" },
      
        { "name": "Baganga", "province": "DAO" },
        { "name": "Banaybanay", "province": "DAO" },
        { "name": "Boston", "province": "DAO" },
        { "name": "Caraga", "province": "DAO" },
        { "name": "Cateel", "province": "DAO" },
        { "name": "Governor Generoso", "province": "DAO" },
        { "name": "Lupon", "province": "DAO" },
        { "name": "Manay", "province": "DAO" },
        { "name": "Mati", "province": "DAO", "city": true },
        { "name": "San Isidro", "province": "DAO" },
        { "name": "Tarragona", "province": "DAO" },
      
        { "name": "Alamada", "province": "NCO" },
        { "name": "Aleosan", "province": "NCO" },
        { "name": "Antipas", "province": "NCO" },
        { "name": "Arakan", "province": "NCO" },
        { "name": "Banisilan", "province": "NCO" },
        { "name": "Carmen", "province": "NCO" },
        { "name": "Kabacan", "province": "NCO" },
        { "name": "Kidapawan City", "province": "NCO", "city": true },
        { "name": "Libungan", "province": "NCO" },
        { "name": "M'lang", "province": "NCO" },
        { "name": "Magpet", "province": "NCO" },
        { "name": "Makilala", "province": "NCO" },
        { "name": "Matalam", "province": "NCO" },
        { "name": "Midsayap", "province": "NCO" },
        { "name": "Pigcawayan", "province": "NCO" },
        { "name": "Pikit", "province": "NCO" },
        { "name": "President Roxas", "province": "NCO" },
        { "name": "Tulunan", "province": "NCO" },
      
        { "name": "Alabel", "province": "SAR" },
        { "name": "Glan", "province": "SAR" },
        { "name": "Kiamba", "province": "SAR" },
        { "name": "Maasim", "province": "SAR" },
        { "name": "Maitum", "province": "SAR" },
        { "name": "Malapatan", "province": "SAR" },
        { "name": "Malungon", "province": "SAR" },
      
        { "name": "Banga", "province": "SCO" },
        { "name": "General Santos City", "province": "SCO", "city": true },
        { "name": "Koronadal City", "province": "SCO", "city": true },
        { "name": "Lake Sebu", "province": "SCO" },
        { "name": "Norala", "province": "SCO" },
        { "name": "Polomolok", "province": "SCO" },
        { "name": "Santo Niño", "province": "SCO" },
        { "name": "Surallah", "province": "SCO" },
        { "name": "T'boli", "province": "SCO" },
        { "name": "Tampakan", "province": "SCO" },
        { "name": "Tantangan", "province": "SCO" },
        { "name": "Tupi", "province": "SCO" },
      
        { "name": "Bagumbayan", "province": "SUK" },
        { "name": "Columbio", "province": "SUK" },
        { "name": "Esperanza", "province": "SUK" },
        { "name": "Isulan", "province": "SUK" },
        { "name": "Kalamansig", "province": "SUK" },
        { "name": "Lambayong", "province": "SUK" },
        { "name": "Lebak", "province": "SUK" },
        { "name": "Lutayan", "province": "SUK" },
        { "name": "Palimbang", "province": "SUK" },
        { "name": "President Quirino", "province": "SUK" },
        { "name": "Senator Ninoy Aquino", "province": "SUK" },
        { "name": "Tacurong City", "province": "SUK", "city": true },
      
        { "name": "Buenavista", "province": "AGN" },
        { "name": "Butuan City", "province": "AGN", "city": true },
        { "name": "Cabadbaran City", "province": "AGN", "city": true },
        { "name": "Carmen", "province": "AGN" },
        { "name": "Jabonga", "province": "AGN" },
        { "name": "Kitcharao", "province": "AGN" },
        { "name": "Las Nieves", "province": "AGN" },
        { "name": "Magallanes", "province": "AGN" },
        { "name": "Nasipit", "province": "AGN" },
        { "name": "Remedios T. Romualdez", "province": "AGN" },
        { "name": "Santiago", "province": "AGN" },
        { "name": "Tubay", "province": "AGN" },
      
        { "name": "Bayugan City", "province": "AGS", "city": true },
        { "name": "Bunawan", "province": "AGS" },
        { "name": "Esperanza", "province": "AGS" },
        { "name": "La Paz", "province": "AGS" },
        { "name": "Loreto", "province": "AGS" },
        { "name": "Prosperidad", "province": "AGS" },
        { "name": "Rosario", "province": "AGS" },
        { "name": "San Francisco", "province": "AGS" },
        { "name": "San Luis", "province": "AGS" },
        { "name": "Santa Josefa", "province": "AGS" },
        { "name": "Sibagat", "province": "AGS" },
        { "name": "Talacogon", "province": "AGS" },
        { "name": "Trento", "province": "AGS" },
        { "name": "Veruela", "province": "AGS" },
      
        { "name": "Basilisa", "province": "DIN" },
        { "name": "Cagdianao", "province": "DIN" },
        { "name": "Dinagat", "province": "DIN" },
        { "name": "Libjo", "province": "DIN" },
        { "name": "Loreto", "province": "DIN" },
        { "name": "San Jose", "province": "DIN" },
        { "name": "Tubajon", "province": "DIN" },
      
        { "name": "Alegria", "province": "SUN" },
        { "name": "Bacuag", "province": "SUN" },
        { "name": "Burgos", "province": "SUN" },
        { "name": "Claver", "province": "SUN" },
        { "name": "Dapa", "province": "SUN" },
        { "name": "Del Carmen", "province": "SUN" },
        { "name": "General Luna", "province": "SUN" },
        { "name": "Gigaquit", "province": "SUN" },
        { "name": "Mainit", "province": "SUN" },
        { "name": "Malimono", "province": "SUN" },
        { "name": "Pilar", "province": "SUN" },
        { "name": "Placer", "province": "SUN" },
        { "name": "San Benito", "province": "SUN" },
        { "name": "San Francisco", "province": "SUN" },
        { "name": "San Isidro", "province": "SUN" },
        { "name": "Santa Monica", "province": "SUN" },
        { "name": "Sison", "province": "SUN" },
        { "name": "Socorro", "province": "SUN" },
        { "name": "Surigao City", "province": "SUN", "city": true },
        { "name": "Tagana-an", "province": "SUN" },
        { "name": "Tubod", "province": "SUN" },
      
        { "name": "Barobo", "province": "SUR" },
        { "name": "Bayabas", "province": "SUR" },
        { "name": "Bislig City", "province": "SUR", "city": true },
        { "name": "Cagwait", "province": "SUR" },
        { "name": "Cantilan", "province": "SUR" },
        { "name": "Carmen", "province": "SUR" },
        { "name": "Carrascal", "province": "SUR" },
        { "name": "Cortes", "province": "SUR" },
        { "name": "Hinatuan", "province": "SUR" },
        { "name": "Lanuza", "province": "SUR" },
        { "name": "Lianga", "province": "SUR" },
        { "name": "Lingig", "province": "SUR" },
        { "name": "Madrid", "province": "SUR" },
        { "name": "Marihatag", "province": "SUR" },
        { "name": "San Agustin", "province": "SUR" },
        { "name": "San Miguel", "province": "SUR" },
        { "name": "Tagbina", "province": "SUR" },
        { "name": "Tago", "province": "SUR" },
        { "name": "Tandag City", "province": "SUR", "city": true },
      
        { "name": "Akbar", "province": "BAS" },
        { "name": "Al-Barka", "province": "BAS" },
        { "name": "Hadji Mohammad Ajul", "province": "BAS" },
        { "name": "Hadji Muhtamad", "province": "BAS" },
        { "name": "Isabela City", "province": "BAS", "city": true },
        { "name": "Lamitan City", "province": "BAS", "city": true },
        { "name": "Lantawan", "province": "BAS" },
        { "name": "Maluso", "province": "BAS" },
        { "name": "Sumisip", "province": "BAS" },
        { "name": "Tabuan-Lasa", "province": "BAS" },
        { "name": "Tipo-Tipo", "province": "BAS" },
        { "name": "Tuburan", "province": "BAS" },
        { "name": "Ungkaya Pukan", "province": "BAS" },
      
        { "name": "Bacolod-Kalawi", "province": "LAS" },
        { "name": "Balabagan", "province": "LAS" },
        { "name": "Balindong", "province": "LAS" },
        { "name": "Bayang", "province": "LAS" },
        { "name": "Binidayan", "province": "LAS" },
        { "name": "Buadiposo-Buntong", "province": "LAS" },
        { "name": "Bubong", "province": "LAS" },
        { "name": "Bumbaran", "province": "LAS" },
        { "name": "Butig", "province": "LAS" },
        { "name": "Calanogas", "province": "LAS" },
        { "name": "Ditsaan-Ramain", "province": "LAS" },
        { "name": "Ganassi", "province": "LAS" },
        { "name": "Kapai", "province": "LAS" },
        { "name": "Kapatagan", "province": "LAS" },
        { "name": "Lumba-Bayabao", "province": "LAS" },
        { "name": "Lumbaca-Unayan", "province": "LAS" },
        { "name": "Lumbatan", "province": "LAS" },
        { "name": "Lumbayanague", "province": "LAS" },
        { "name": "Madalum", "province": "LAS" },
        { "name": "Madamba", "province": "LAS" },
        { "name": "Maguing", "province": "LAS" },
        { "name": "Malabang", "province": "LAS" },
        { "name": "Marantao", "province": "LAS" },
        { "name": "Marawi City", "province": "LAS", "city": true },
        { "name": "Marogong", "province": "LAS" },
        { "name": "Masiu", "province": "LAS" },
        { "name": "Mulondo", "province": "LAS" },
        { "name": "Pagayawan", "province": "LAS" },
        { "name": "Piagapo", "province": "LAS" },
        { "name": "Poona Bayabao", "province": "LAS" },
        { "name": "Pualas", "province": "LAS" },
        { "name": "Saguiaran", "province": "LAS" },
        { "name": "Sultan Dumalondong", "province": "LAS" },
        { "name": "Picong", "province": "LAS" },
        { "name": "Tagoloan II", "province": "LAS" },
        { "name": "Tamparan", "province": "LAS" },
        { "name": "Taraka", "province": "LAS" },
        { "name": "Tubaran", "province": "LAS" },
        { "name": "Tugaya", "province": "LAS" },
        { "name": "Wao", "province": "LAS" },
      
        { "name": "Ampatuan", "province": "MAG" },
        { "name": "Barira", "province": "MAG" },
        { "name": "Buldon", "province": "MAG" },
        { "name": "Buluan", "province": "MAG" },
        { "name": "Cotabato", "province": "MAG", "city": true },
        { "name": "Datu Abdullah Sangki", "province": "MAG" },
        { "name": "Datu Anggal Midtimbang", "province": "MAG" },
        { "name": "Datu Blah T. Sinsuat", "province": "MAG" },
        { "name": "Datu Hoffer Ampatuan", "province": "MAG" },
        { "name": "Datu Montawal", "province": "MAG" },
        { "name": "Datu Odin Sinsuat", "province": "MAG" },
        { "name": "Datu Paglas", "province": "MAG" },
        { "name": "Datu Piang", "province": "MAG" },
        { "name": "Datu Salibo", "province": "MAG" },
        { "name": "Datu Saudi-Ampatuan", "province": "MAG" },
        { "name": "Datu Unsay", "province": "MAG" },
        { "name": "General Salipada K. Pendatun", "province": "MAG" },
        { "name": "Guindulungan", "province": "MAG" },
        { "name": "Kabuntalan", "province": "MAG" },
        { "name": "Mamasapano", "province": "MAG" },
        { "name": "Mangudadatu", "province": "MAG" },
        { "name": "Matanog", "province": "MAG" },
        { "name": "Northern Kabuntalan", "province": "MAG" },
        { "name": "Pagalungan", "province": "MAG" },
        { "name": "Paglat", "province": "MAG" },
        { "name": "Pandag", "province": "MAG" },
        { "name": "Parang", "province": "MAG" },
        { "name": "Rajah Buayan", "province": "MAG" },
        { "name": "Shariff Aguak", "province": "MAG" },
        { "name": "Shariff Saydona Mustapha", "province": "MAG" },
        { "name": "South Upi", "province": "MAG" },
        { "name": "Sultan Kudarat", "province": "MAG" },
        { "name": "Sultan Mastura", "province": "MAG" },
        { "name": "Sultan sa Barongis", "province": "MAG" },
        { "name": "Sultan Sumagka", "province": "MAG" },
        { "name": "Talayan", "province": "MAG" },
        { "name": "Upi", "province": "MAG" },
      
        { "name": "Banguingui", "province": "SLU" },
        { "name": "Hadji Panglima Tahil", "province": "SLU" },
        { "name": "Indanan", "province": "SLU" },
        { "name": "Jolo", "province": "SLU" },
        { "name": "Kalingalan Caluang", "province": "SLU" },
        { "name": "Lugus", "province": "SLU" },
        { "name": "Luuk", "province": "SLU" },
        { "name": "Maimbung", "province": "SLU" },
        { "name": "Old Panamao", "province": "SLU" },
        { "name": "Omar", "province": "SLU" },
        { "name": "Pandami", "province": "SLU" },
        { "name": "Panglima Estino", "province": "SLU" },
        { "name": "Pangutaran", "province": "SLU" },
        { "name": "Parang", "province": "SLU" },
        { "name": "Pata", "province": "SLU" },
        { "name": "Patikul", "province": "SLU" },
        { "name": "Siasi", "province": "SLU" },
        { "name": "Talipao", "province": "SLU" },
        { "name": "Tapul", "province": "SLU" },
      
        { "name": "Bongao", "province": "TAW" },
        { "name": "Languyan", "province": "TAW" },
        { "name": "Mapun", "province": "TAW" },
        { "name": "Panglima Sugala", "province": "TAW" },
        { "name": "Sapa-Sapa", "province": "TAW" },
        { "name": "Sibutu", "province": "TAW" },
        { "name": "Simunul", "province": "TAW" },
        { "name": "Sitangkai", "province": "TAW" },
        { "name": "South Ubian", "province": "TAW" },
        { "name": "Tandubas", "province": "TAW" },
        { "name": "Turtle Islands", "province": "TAW" }
      ]
}